{
  "path": "test.json",
  "model_path": "trained_system_v12.joblib",
  "threshold": 0.5,
  "window_size": 100,
  "conditions": {
    "static": {
      "overall": {
        "f1": 0.0,
        "auc": 0.5964203499079189,
        "precision": 0.0,
        "recall": 0.0
      },
      "per_stage": {
        "p1": {
          "f1": 0.2076215505913272,
          "auc": 0.6529120626151013,
          "precision": 0.6528925619834711,
          "recall": 0.1234375
        },
        "p2": {
          "f1": 0.0,
          "auc": 0.494443485267035,
          "precision": 0.0,
          "recall": 0.0
        },
        "p12": {
          "f1": 0.0,
          "auc": 0.5964203499079189,
          "precision": 0.0,
          "recall": 0.0
        },
        "p_final": {
          "f1": 0.0,
          "auc": 0.5964203499079189,
          "precision": 0.0,
          "recall": 0.0
        }
      },
      "routing": {
        "pct_stage1_exit": 77.43026204564666,
        "pct_stage2_exit": 22.31614539306847,
        "pct_stage3_exit": 0.25359256128486896,
        "pct_amr_triggered": 22.56973795435334
      }
    },
    "recalibrated": {
      "overall": {
        "f1": 0.0,
        "auc": 0.5878942219152855,
        "precision": 0.0,
        "recall": 0.0
      },
      "per_stage": {
        "p1": {
          "f1": 0.2076215505913272,
          "auc": 0.6529120626151013,
          "precision": 0.6528925619834711,
          "recall": 0.1234375
        },
        "p2": {
          "f1": 0.0,
          "auc": 0.494164364640884,
          "precision": 0.0,
          "recall": 0.0
        },
        "p12": {
          "f1": 0.0,
          "auc": 0.5878942219152855,
          "precision": 0.0,
          "recall": 0.0
        },
        "p_final": {
          "f1": 0.0,
          "auc": 0.5878942219152855,
          "precision": 0.0,
          "recall": 0.0
        }
      },
      "routing": {
        "pct_stage1_exit": 37.8698224852071,
        "pct_stage2_exit": 12.848689771766695,
        "pct_stage3_exit": 49.281487743026204,
        "pct_amr_triggered": 62.1301775147929
      }
    }
  },
  "delta_overall": {
    "f1": 0.0,
    "auc": -0.008526127992633414,
    "precision": 0.0,
    "recall": 0.0
  }
}