{
  "auc": 0.9996747967479674,
  "f1": 0.9798657718120806,
  "precision": 0.9864864864864865,
  "recall": 0.9733333333333334,
  "stage": "S3"
}