{
  "overall": {
    "f1": 0.9767441860465116,
    "auc": 0.9991869918699187,
    "precision": 0.9735099337748344,
    "recall": 0.98
  },
  "per_stage": {
    "p1": {
      "f1": 0.6204379562043796,
      "auc": 0.8509756097560975,
      "precision": 0.6854838709677419,
      "recall": 0.5666666666666667
    },
    "p2": {
      "f1": 0.9767441860465116,
      "auc": 0.9986759581881532,
      "precision": 0.9735099337748344,
      "recall": 0.98
    },
    "p12": {
      "f1": 0.9735099337748344,
      "auc": 0.9991869918699187,
      "precision": 0.9671052631578947,
      "recall": 0.98
    },
    "p_final": {
      "f1": 0.9767441860465116,
      "auc": 0.9991869918699187,
      "precision": 0.9735099337748344,
      "recall": 0.98
    }
  },
  "routing": {
    "pct_stage1_exit": 29.519450800915333,
    "pct_stage2_exit": 70.48054919908466,
    "pct_stage3_exit": 0.0,
    "pct_amr_triggered": 70.48054919908466
  }
}