{
  "overall": {
    "f1": 0.0,
    "auc": 0.5821679327808471,
    "precision": 0.0,
    "recall": 0.0
  },
  "per_stage": {
    "p1": {
      "f1": 0.2442159383033419,
      "auc": 0.6517322744014734,
      "precision": 0.6884057971014492,
      "recall": 0.1484375
    },
    "p2": {
      "f1": 0.0,
      "auc": 0.493853591160221,
      "precision": 0.0,
      "recall": 0.0
    },
    "p12": {
      "f1": 0.0,
      "auc": 0.5820643416206261,
      "precision": 0.0,
      "recall": 0.0
    },
    "p_final": {
      "f1": 0.0,
      "auc": 0.5821679327808471,
      "precision": 0.0,
      "recall": 0.0
    }
  },
  "routing": {
    "pct_stage1_exit": 75.06339814032121,
    "pct_stage2_exit": 24.93660185967878,
    "pct_stage3_exit": 0.0,
    "pct_amr_triggered": 24.93660185967878
  }
}