{
  "overall": {
    "f1": 0.8144863266814486,
    "auc": 0.8591505524861879,
    "precision": 0.7727910238429172,
    "recall": 0.8609375
  },
  "per_stage": {
    "p1": {
      "f1": 0.7774480712166172,
      "auc": 0.8077894797421731,
      "precision": 0.7401129943502824,
      "recall": 0.81875
    },
    "p2": {
      "f1": 0.7256637168141593,
      "auc": 0.7859173572744014,
      "precision": 0.7479270315091211,
      "recall": 0.7046875
    },
    "p12": {
      "f1": 0.8074349442379182,
      "auc": 0.8600627302025783,
      "precision": 0.7702127659574468,
      "recall": 0.8484375
    },
    "p_final": {
      "f1": 0.8144863266814486,
      "auc": 0.8591505524861879,
      "precision": 0.7727910238429172,
      "recall": 0.8609375
    }
  },
  "routing": {
    "pct_stage1_exit": 0.0,
    "pct_stage2_exit": 2.197802197802198,
    "pct_stage3_exit": 97.8021978021978,
    "pct_amr_triggered": 100.0
  }
}